"17972310","Rocky Marciano","Born","9/1/1923","1252049: MKil","null"
"17972311","Rocky Marciano","Died","8/31/1969","1252049: MKil","null"
"17972312","Rocky Marciano","Born","9/1/1923","0 (66.99.2.114)","null"
"17972313","Rocky Marciano","Died","8/31/1969","0 (66.99.2.114)","null"
"17972314","Rocky Marciano","Born","9/1/1923","0 (66.99.2.114)","null"
"17972315","Rocky Marciano","Died","8/31/1969","0 (66.99.2.114)","null"
"17972316","Rocky Marciano","Born","9/1/1923","1252049: MKil","null"
"17972317","Rocky Marciano","Died","8/31/1969","1252049: MKil","null"
"17972318","Rocky Marciano","Born","9/1/1923","0 (66.99.2.114)","null"
"17972319","Rocky Marciano","Died","8/31/1969","0 (66.99.2.114)","null"
"17972320","Rocky Marciano","Born","9/1/1923","1252049: MKil","null"
"17972321","Rocky Marciano","Died","8/31/1969","1252049: MKil","null"
"17972322","Rocky Marciano","Born","9/1/1923","0 (66.99.2.114)","null"
"17972323","Rocky Marciano","Died","8/31/1969","0 (66.99.2.114)","null"
"17972324","Rocky Marciano","Born","9/1/1923","0 (66.99.2.114)","null"
"17972325","Rocky Marciano","Died","8/31/1969","0 (66.99.2.114)","null"
"17972326","Rocky Marciano","Born","9/1/1923","0 (66.99.2.114)","null"
"17972327","Rocky Marciano","Died","8/31/1969","0 (66.99.2.114)","null"
"17972328","Rocky Marciano","Born","9/1/1923","0 (66.99.2.114)","null"
"17972329","Rocky Marciano","Died","8/31/1969","0 (66.99.2.114)","null"
"17972330","Rocky Marciano","Born","9/1/1923","0 (64.107.0.235)","null"
"17972331","Rocky Marciano","Died","8/31/1969","0 (64.107.0.235)","null"
"17972332","Rocky Marciano","Born","9/1/1923","0 (200.119.238.248)","null"
"17972333","Rocky Marciano","Died","8/31/1969","0 (200.119.238.248)","null"
"17972334","Rocky Marciano","Born","9/1/1923","0 (81.174.150.158)","null"
"17972335","Rocky Marciano","Died","8/31/1969","0 (81.174.150.158)","null"
"17972336","Rocky Marciano","Born","9/1/1923","0 (200.119.253.138)","null"
"17972337","Rocky Marciano","Died","8/31/1969","0 (200.119.253.138)","null"
"17972338","Rocky Marciano","Born","9/1/1923","2635709: BoxingWear","null"
"17972339","Rocky Marciano","Died","8/31/1969","2635709: BoxingWear","null"
"17972340","Rocky Marciano","Born","9/1/1923","2635709: BoxingWear","null"
"17972341","Rocky Marciano","Died","8/31/1969","2635709: BoxingWear","null"
"17972342","Rocky Marciano","Born","9/1/1923","2635709: BoxingWear","null"
"17972343","Rocky Marciano","Died","8/31/1969","2635709: BoxingWear","null"
"17972344","Rocky Marciano","Born","9/1/1923","2635709: BoxingWear","null"
"17972345","Rocky Marciano","Died","8/31/1969","2635709: BoxingWear","null"
"17972346","Rocky Marciano","Born","9/1/1923","0 (70.123.217.177)","null"
"17972347","Rocky Marciano","Died","8/31/1969","0 (70.123.217.177)","null"
"17972348","Rocky Marciano","Born","9/1/1923","1252049: MKil","null"
"17972349","Rocky Marciano","Died","8/31/1969","1252049: MKil","null"
"17972350","Rocky Marciano","Born","9/1/1923","3115531: Kyle the bot","null"
"17972351","Rocky Marciano","Died","8/31/1969","3115531: Kyle the bot","null"
"17972352","Rocky Marciano","Born","9/1/1923","0 (68.43.142.91)","null"
"17972353","Rocky Marciano","Died","8/31/1969","0 (68.43.142.91)","null"
"17972354","Rocky Marciano","Born","9/1/1923","2635709: BoxingWear","null"
"17972355","Rocky Marciano","Died","8/31/1969","2635709: BoxingWear","null"
"17972356","Rocky Marciano","Born","9/1/1923","2635709: BoxingWear","null"
"17972357","Rocky Marciano","Died","8/31/1969","2635709: BoxingWear","null"
"17972358","Rocky Marciano","Born","9/1/1923","2635709: BoxingWear","null"
"17972359","Rocky Marciano","Died","8/31/1969","2635709: BoxingWear","null"
"17972360","Rocky Marciano","Born","9/1/1923","0 (217.33.119.112)","null"
"17972361","Rocky Marciano","Died","8/31/1969","0 (217.33.119.112)","null"
"17972362","Rocky Marciano","Born","9/1/1923","1252049: MKil","null"
"17972363","Rocky Marciano","Died","8/31/1969","1252049: MKil","null"
"17972364","Rocky Marciano","Born","9/1/1923","931946: Joemahon","null"
"17972365","Rocky Marciano","Died","8/31/1969","931946: Joemahon","null"
"17972366","Rocky Marciano","Born","9/1/1923","0 (194.192.181.182)","null"
"17972367","Rocky Marciano","Died","8/31/1969","0 (194.192.181.182)","null"
"17972368","Rocky Marciano","Born","9/1/1923","0 (64.107.3.9)","null"
"17972369","Rocky Marciano","Died","8/31/1969","0 (64.107.3.9)","null"
"17972370","Rocky Marciano","Born","9/1/1923","0 (64.107.3.9)","null"
"17972371","Rocky Marciano","Died","8/31/1969","0 (64.107.3.9)","null"
"17972372","Rocky Marciano","Born","9/1/1923","0 (64.107.3.9)","null"
"17972373","Rocky Marciano","Died","8/31/1969","0 (64.107.3.9)","null"
"17972374","Rocky Marciano","Born","9/1/1923","319668: Aaron Brenneman","null"
"17972375","Rocky Marciano","Died","8/31/1969","319668: Aaron Brenneman","null"
"17972376","Rocky Marciano","Born","9/1/1923","0 (58.64.104.170)","null"
"17972377","Rocky Marciano","Died","8/31/1969","0 (58.64.104.170)","null"
"17972378","Rocky Marciano","Born","9/1/1923","0 (58.64.104.170)","null"
"17972379","Rocky Marciano","Died","8/31/1969","0 (58.64.104.170)","null"
"17972380","Rocky Marciano","Born","9/1/1923","0 (58.64.104.170)","null"
"17972381","Rocky Marciano","Died","8/31/1969","0 (58.64.104.170)","null"
"17972382","Rocky Marciano","Born","9/1/1923","1252049: MKil","null"
"17972383","Rocky Marciano","Died","8/31/1969","1252049: MKil","null"
"17972384","Rocky Marciano","Born","9/1/1923","2635709: BoxingWear","null"
"17972385","Rocky Marciano","Died","8/31/1969","2635709: BoxingWear","null"
"17972386","Rocky Marciano","Born","9/1/1923","2635709: BoxingWear","null"
"17972387","Rocky Marciano","Died","8/31/1969","2635709: BoxingWear","null"
"17972388","Rocky Marciano","Born","9/1/1923","1252049: MKil","null"
"17972389","Rocky Marciano","Died","8/31/1969","1252049: MKil","null"
"17972390","Rocky Marciano","Born","9/1/1923","2635709: BoxingWear","null"
"17972391","Rocky Marciano","Died","8/31/1969","2635709: BoxingWear","null"
"17972392","Rocky Marciano","Born","9/1/1923","2635709: BoxingWear","null"
"17972393","Rocky Marciano","Died","8/31/1969","2635709: BoxingWear","null"
"17972394","Rocky Marciano","Born","9/1/1923","2635709: BoxingWear","null"
"17972395","Rocky Marciano","Died","8/31/1969","2635709: BoxingWear","null"
"17972396","Rocky Marciano","Born","9/1/1923","0 (58.64.104.170)","null"
"17972397","Rocky Marciano","Died","8/31/1969","0 (58.64.104.170)","null"
"17972398","Rocky Marciano","Born","9/1/1923","2635709: BoxingWear","null"
"17972399","Rocky Marciano","Died","8/31/1969","2635709: BoxingWear","null"
"17972400","Rocky Marciano","Born","9/1/1923","0 (58.64.104.170)","null"
"17972401","Rocky Marciano","Died","8/31/1969","0 (58.64.104.170)","null"
"17972402","Rocky Marciano","Born","9/1/1923","2635709: BoxingWear","null"
"17972403","Rocky Marciano","Died","8/31/1969","2635709: BoxingWear","null"
"17972404","Rocky Marciano","Born","9/1/1923","1252049: MKil","null"
"17972405","Rocky Marciano","Died","8/31/1969","1252049: MKil","null"
"17972406","Rocky Marciano","Born","9/1/1923","2635709: BoxingWear","null"
"17972407","Rocky Marciano","Died","8/31/1969","2635709: BoxingWear","null"
"17972408","Rocky Marciano","Born","9/1/1923","2635709: BoxingWear","null"
"17972409","Rocky Marciano","Died","8/31/1969","2635709: BoxingWear","null"
"17972410","Rocky Marciano","Born","9/1/1923","2635709: BoxingWear","null"
"17972411","Rocky Marciano","Died","8/31/1969","2635709: BoxingWear","null"
"17972412","Rocky Marciano","Born","9/1/1923","0 (58.64.104.170)","null"
"17972413","Rocky Marciano","Died","8/31/1969","0 (58.64.104.170)","null"
"17972414","Rocky Marciano","Born","9/1/1923","1252049: MKil","null"
"17972415","Rocky Marciano","Died","8/31/1969","1252049: MKil","null"
"17972416","Rocky Marciano","Born","9/1/1923","2635709: BoxingWear","null"
"17972417","Rocky Marciano","Died","8/31/1969","2635709: BoxingWear","null"
"17972418","Rocky Marciano","Born","9/1/1923","2635709: BoxingWear","null"
"17972419","Rocky Marciano","Died","8/31/1969","2635709: BoxingWear","null"
"17972420","Rocky Marciano","Born","9/1/1923","1252049: MKil","null"
"17972421","Rocky Marciano","Died","8/31/1969","1252049: MKil","null"
"17972422","Rocky Marciano","Born","9/1/1923","2635709: BoxingWear","null"
"17972423","Rocky Marciano","Died","8/31/1969","2635709: BoxingWear","null"
"17972424","Rocky Marciano","Born","9/1/1923","2635709: BoxingWear","null"
"17972425","Rocky Marciano","Died","8/31/1969","2635709: BoxingWear","null"
"17972426","Rocky Marciano","Born","9/1/1923","2635709: BoxingWear","null"
"17972427","Rocky Marciano","Died","8/31/1969","2635709: BoxingWear","null"
"17972428","Rocky Marciano","Born","9/1/1923","1252049: MKil","null"
"17972429","Rocky Marciano","Died","8/31/1969","1252049: MKil","null"
"17972430","Rocky Marciano","Born","9/1/1923","1252049: MKil","null"
"17972431","Rocky Marciano","Died","8/31/1969","1252049: MKil","null"
"17972432","Rocky Marciano","Born","9/1/1923","2635709: BoxingWear","null"
"17972433","Rocky Marciano","Died","8/31/1969","2635709: BoxingWear","null"
"17972434","Rocky Marciano","Born","9/1/1923","1252049: MKil","null"
"17972435","Rocky Marciano","Died","8/31/1969","1252049: MKil","null"
"17972436","Rocky Marciano","Born","9/1/1923","0 (58.64.104.170)","null"
"17972437","Rocky Marciano","Died","8/31/1969","0 (58.64.104.170)","null"
"17972438","Rocky Marciano","Born","9/1/1923","2635709: BoxingWear","null"
"17972439","Rocky Marciano","Died","8/31/1969","2635709: BoxingWear","null"
"17972440","Rocky Marciano","Born","9/1/1923","1252049: MKil","null"
"17972441","Rocky Marciano","Died","8/31/1969","1252049: MKil","null"
"17972442","Rocky Marciano","Born","9/1/1923","2635709: BoxingWear","null"
"17972443","Rocky Marciano","Died","8/31/1969","2635709: BoxingWear","null"
"17972444","Rocky Marciano","Born","9/1/1923","2635709: BoxingWear","null"
"17972445","Rocky Marciano","Died","8/31/1969","2635709: BoxingWear","null"
"17972446","Rocky Marciano","Born","9/1/1923","1252049: MKil","null"
"17972447","Rocky Marciano","Died","8/31/1969","1252049: MKil","null"
"17972448","Rocky Marciano","Born","9/1/1923","1252049: MKil","null"
"17972449","Rocky Marciano","Died","8/31/1969","1252049: MKil","null"
"17972450","Rocky Marciano","Born","9/1/1923","1252049: MKil","null"
"17972451","Rocky Marciano","Died","8/31/1969","1252049: MKil","null"
"17972452","Rocky Marciano","Born","9/1/1923","1252049: MKil","null"
"17972453","Rocky Marciano","Died","8/31/1969","1252049: MKil","null"
"17972454","Rocky Marciano","Born","9/1/1923","113744: Supersexyspacemonkey","null"
"17972455","Rocky Marciano","Died","8/31/1969","113744: Supersexyspacemonkey","null"
"17972456","Rocky Marciano","Born","9/1/1923","113744: Supersexyspacemonkey","null"
"17972457","Rocky Marciano","Died","8/31/1969","113744: Supersexyspacemonkey","null"
"17972458","Rocky Marciano","Born","9/1/1923","2635709: BoxingWear","null"
"17972459","Rocky Marciano","Died","8/31/1969","2635709: BoxingWear","null"
"17972460","Rocky Marciano","Born","9/1/1923","2635709: BoxingWear","null"
"17972461","Rocky Marciano","Died","8/31/1969","2635709: BoxingWear","null"
"17972462","Rocky Marciano","Born","9/1/1923","2635709: BoxingWear","null"
"17972463","Rocky Marciano","Died","8/31/1969","2635709: BoxingWear","null"
"17972464","Rocky Marciano","Born","9/1/1923","2635709: BoxingWear","null"
"17972465","Rocky Marciano","Died","8/31/1969","2635709: BoxingWear","null"
"17972466","Rocky Marciano","Born","9/1/1923","1252049: MKil","null"
"17972467","Rocky Marciano","Died","8/31/1969","1252049: MKil","null"
"17972468","Rocky Marciano","Born","9/1/1923","1252049: MKil","null"
"17972469","Rocky Marciano","Died","8/31/1969","1252049: MKil","null"
"17972470","Rocky Marciano","Born","9/1/1923","2635709: BoxingWear","null"
"17972471","Rocky Marciano","Died","8/31/1969","2635709: BoxingWear","null"
"17972472","Rocky Marciano","Born","9/1/1923","2635709: BoxingWear","null"
"17972473","Rocky Marciano","Died","8/31/1969","2635709: BoxingWear","null"
"17972474","Rocky Marciano","Born","9/1/1923","1252049: MKil","null"
"17972475","Rocky Marciano","Died","8/31/1969","1252049: MKil","null"
"17972476","Rocky Marciano","Born","9/1/1923","2635709: BoxingWear","null"
"17972477","Rocky Marciano","Died","8/31/1969","2635709: BoxingWear","null"
"17972478","Rocky Marciano","Born","9/1/1923","2635709: BoxingWear","null"
"17972479","Rocky Marciano","Died","8/31/1969","2635709: BoxingWear","null"
"17972480","Rocky Marciano","Born","9/1/1923","1252049: MKil","null"
"17972481","Rocky Marciano","Died","8/31/1969","1252049: MKil","null"
"17972482","Rocky Marciano","Born","9/1/1923","2635709: BoxingWear","null"
"17972483","Rocky Marciano","Died","8/31/1969","2635709: BoxingWear","null"
"17972484","Rocky Marciano","Born","9/1/1923","2635709: BoxingWear","null"
"17972485","Rocky Marciano","Died","8/31/1969","2635709: BoxingWear","null"
"17972486","Rocky Marciano","Born","9/1/1923","2635709: BoxingWear","null"
"17972487","Rocky Marciano","Died","8/31/1969","2635709: BoxingWear","null"
"17972488","Rocky Marciano","Born","9/1/1923","1252049: MKil","null"
"17972489","Rocky Marciano","Died","8/31/1969","1252049: MKil","null"
"17972490","Rocky Marciano","Born","9/1/1923","0 (58.64.103.227)","null"
"17972491","Rocky Marciano","Died","8/31/1969","0 (58.64.103.227)","null"
"17972492","Rocky Marciano","Born","9/1/1923","0 (58.64.103.227)","null"
"17972493","Rocky Marciano","Died","8/31/1969","0 (58.64.103.227)","null"
"17972494","Rocky Marciano","Born","9/1/1923","1252049: MKil","null"
"17972495","Rocky Marciano","Died","8/31/1969","1252049: MKil","null"
"17972496","Rocky Marciano","Born","9/1/1923","0 (58.64.103.227)","null"
"17972497","Rocky Marciano","Died","8/31/1969","0 (58.64.103.227)","null"
"17972498","Rocky Marciano","Born","9/1/1923","0 (65.29.22.3)","null"
"17972499","Rocky Marciano","Died","8/31/1969","0 (65.29.22.3)","null"
"17972500","Rocky Marciano","Born","9/1/1923","0 (58.64.103.227)","null"
"17972501","Rocky Marciano","Died","8/31/1969","0 (58.64.103.227)","null"
"17972502","Rocky Marciano","Born","9/1/1923","0 (81.76.35.71)","null"
"17972503","Rocky Marciano","Died","8/31/1969","0 (81.76.35.71)","null"
"17972504","Rocky Marciano","Born","9/1/1923","3295752: Freddles marciano","null"
"17972505","Rocky Marciano","Died","8/31/1969","3295752: Freddles marciano","null"
"17972506","Rocky Marciano","Born","9/1/1923","3295752: Freddles marciano","null"
"17972507","Rocky Marciano","Died","8/31/1969","3295752: Freddles marciano","null"
"17972508","Rocky Marciano","Born","9/1/1923","3295752: Freddles marciano","null"
"17972509","Rocky Marciano","Died","8/31/1969","3295752: Freddles marciano","null"
"17972510","Rocky Marciano","Born","9/1/1923","3288327: Gerrish","null"
"17972511","Rocky Marciano","Died","8/31/1969","3288327: Gerrish","null"
"17972512","Rocky Marciano","Born","9/1/1923","3295752: Freddles marciano","null"
"17972513","Rocky Marciano","Died","8/31/1969","3295752: Freddles marciano","null"
"17972514","Rocky Marciano","Born","9/1/1923","3295752: Freddles marciano","null"
"17972515","Rocky Marciano","Died","8/31/1969","3295752: Freddles marciano","null"
"17972516","Rocky Marciano","Born","9/1/1923","1252049: MKil","null"
"17972517","Rocky Marciano","Died","8/31/1969","1252049: MKil","null"
"17972518","Rocky Marciano","Born","9/1/1923","2635709: BoxingWear","null"
"17972519","Rocky Marciano","Died","8/31/1969","2635709: BoxingWear","null"
"17972520","Rocky Marciano","Born","9/1/1923","2635709: BoxingWear","null"
"17972521","Rocky Marciano","Died","8/31/1969","2635709: BoxingWear","null"
"17972522","Rocky Marciano","Born","9/1/1923","2635709: BoxingWear","null"
"17972523","Rocky Marciano","Died","8/31/1969","2635709: BoxingWear","null"
"17972524","Rocky Marciano","Born","9/1/1923","2635709: BoxingWear","null"
"17972525","Rocky Marciano","Died","8/31/1969","2635709: BoxingWear","null"
"17972526","Rocky Marciano","Born","9/1/1923","2635709: BoxingWear","null"
"17972527","Rocky Marciano","Died","8/31/1969","2635709: BoxingWear","null"
"17972528","Rocky Marciano","Born","9/1/1923","2635709: BoxingWear","null"
"17972529","Rocky Marciano","Died","8/31/1969","2635709: BoxingWear","null"
"17972530","Rocky Marciano","Born","9/1/1923","1252049: MKil","null"
"17972531","Rocky Marciano","Died","8/31/1969","1252049: MKil","null"
"17972532","Rocky Marciano","Born","9/1/1923","2635709: BoxingWear","null"
"17972533","Rocky Marciano","Died","8/31/1969","2635709: BoxingWear","null"
"17972534","Rocky Marciano","Born","9/1/1923","1252049: MKil","null"
"17972535","Rocky Marciano","Died","8/31/1969","1252049: MKil","null"
"17972536","Rocky Marciano","Born","9/1/1923","1252049: MKil","null"
"17972537","Rocky Marciano","Died","8/31/1969","1252049: MKil","null"
"17972538","Rocky Marciano","Born","9/1/1923","1252049: MKil","null"
"17972539","Rocky Marciano","Died","8/31/1969","1252049: MKil","null"
"17972540","Rocky Marciano","Born","9/1/1923","2635709: BoxingWear","null"
"17972541","Rocky Marciano","Died","8/31/1969","2635709: BoxingWear","null"
"17972542","Rocky Marciano","Born","9/1/1923","2635709: BoxingWear","null"
"17972543","Rocky Marciano","Died","8/31/1969","2635709: BoxingWear","null"
"17972544","Rocky Marciano","Born","9/1/1923","2635709: BoxingWear","null"
"17972545","Rocky Marciano","Died","8/31/1969","2635709: BoxingWear","null"
"17972546","Rocky Marciano","Born","9/1/1923","1252049: MKil","null"
"17972547","Rocky Marciano","Died","8/31/1969","1252049: MKil","null"
"17972548","Rocky Marciano","Born","9/1/1923","2635709: BoxingWear","null"
"17972549","Rocky Marciano","Died","8/31/1969","2635709: BoxingWear","null"
"17972550","Rocky Marciano","Born","9/1/1923","2635709: BoxingWear","null"
"17972551","Rocky Marciano","Died","8/31/1969","2635709: BoxingWear","null"
"17972552","Rocky Marciano","Born","9/1/1923","1252049: MKil","null"
"17972553","Rocky Marciano","Died","8/31/1969","1252049: MKil","null"
"17972554","Rocky Marciano","Born","9/1/1923","2635709: BoxingWear","null"
"17972555","Rocky Marciano","Died","8/31/1969","2635709: BoxingWear","null"
"17972556","Rocky Marciano","Born","9/1/1923","2635709: BoxingWear","null"
"17972557","Rocky Marciano","Died","8/31/1969","2635709: BoxingWear","null"
"17972558","Rocky Marciano","Born","9/1/1923","2635709: BoxingWear","null"
"17972559","Rocky Marciano","Died","8/31/1969","2635709: BoxingWear","null"
"17972560","Rocky Marciano","Born","9/1/1923","1252049: MKil","null"
"17972561","Rocky Marciano","Died","8/31/1969","1252049: MKil","null"
"17972562","Rocky Marciano","Born","9/1/1923","1252049: MKil","null"
"17972563","Rocky Marciano","Died","8/31/1969","1252049: MKil","null"
"17972564","Rocky Marciano","Born","9/1/1923","2635709: BoxingWear","null"
"17972565","Rocky Marciano","Died","8/31/1969","2635709: BoxingWear","null"
"17972566","Rocky Marciano","Born","9/1/1923","2635709: BoxingWear","null"
"17972567","Rocky Marciano","Died","8/31/1969","2635709: BoxingWear","null"
"17972568","Rocky Marciano","Born","9/1/1923","1252049: MKil","null"
"17972569","Rocky Marciano","Died","8/31/1969","1252049: MKil","null"
"17972570","Rocky Marciano","Born","9/1/1923","2635709: BoxingWear","null"
"17972571","Rocky Marciano","Died","8/31/1969","2635709: BoxingWear","null"
"17972572","Rocky Marciano","Born","9/1/1923","1252049: MKil","null"
"17972573","Rocky Marciano","Died","8/31/1969","1252049: MKil","null"
"17972574","Rocky Marciano","Born","9/1/1923","1252049: MKil","null"
"17972575","Rocky Marciano","Died","8/31/1969","1252049: MKil","null"
"17972576","Rocky Marciano","Born","9/1/1923","0 (208.242.14.199)","null"
"17972577","Rocky Marciano","Died","8/31/1969","0 (208.242.14.199)","null"
"17972578","Rocky Marciano","Born","9/1/1923","2635709: BoxingWear","null"
"17972579","Rocky Marciano","Died","8/31/1969","2635709: BoxingWear","null"
"17972580","Rocky Marciano","Born","9/1/1923","2635709: BoxingWear","null"
"17972581","Rocky Marciano","Died","8/31/1969","2635709: BoxingWear","null"
"17972582","Rocky Marciano","Born","9/1/1923","1252049: MKil","null"
"17972583","Rocky Marciano","Died","8/31/1969","1252049: MKil","null"
"17972584","Rocky Marciano","Born","9/1/1923","1252049: MKil","null"
"17972585","Rocky Marciano","Died","8/31/1969","1252049: MKil","null"
"17972586","Rocky Marciano","Born","9/1/1923","2635709: BoxingWear","null"
"17972587","Rocky Marciano","Died","8/31/1969","2635709: BoxingWear","null"
"17972588","Rocky Marciano","Born","9/1/1923","2635709: BoxingWear","null"
"17972589","Rocky Marciano","Died","8/31/1969","2635709: BoxingWear","null"
"17972590","Rocky Marciano","Born","9/1/1923","2635709: BoxingWear","null"
"17972591","Rocky Marciano","Died","8/31/1969","2635709: BoxingWear","null"
"17972592","Rocky Marciano","Born","9/1/1923","2635709: BoxingWear","null"
"17972593","Rocky Marciano","Died","8/31/1969","2635709: BoxingWear","null"
"17972594","Rocky Marciano","Born","9/1/1923","2635709: BoxingWear","null"
"17972595","Rocky Marciano","Died","8/31/1969","2635709: BoxingWear","null"
"17972596","Rocky Marciano","Born","9/1/1923","2635709: BoxingWear","null"
"17972597","Rocky Marciano","Died","8/31/1969","2635709: BoxingWear","null"
"17972598","Rocky Marciano","Born","9/1/1923","2635709: BoxingWear","null"
"17972599","Rocky Marciano","Died","8/31/1969","2635709: BoxingWear","null"
"17972600","Rocky Marciano","Born","9/1/1923","2777284: MetsFan76","null"
"17972601","Rocky Marciano","Died","8/31/1969","2777284: MetsFan76","null"
"17972602","Rocky Marciano","Born","9/1/1923","2635709: BoxingWear","null"
"17972603","Rocky Marciano","Died","8/31/1969","2635709: BoxingWear","null"
"17972604","Rocky Marciano","Born","9/1/1923","1252049: MKil","null"
"17972605","Rocky Marciano","Died","8/31/1969","1252049: MKil","null"
"17972606","Rocky Marciano","Born","9/1/1923","1252049: MKil","null"
"17972607","Rocky Marciano","Died","8/31/1969","1252049: MKil","null"
"17972608","Rocky Marciano","Born","9/1/1923","1252049: MKil","null"
"17972609","Rocky Marciano","Died","8/31/1969","1252049: MKil","null"
"17972610","Rocky Marciano","Born","9/1/1923","468111: Jagged 85","null"
"17972611","Rocky Marciano","Died","8/31/1969","468111: Jagged 85","null"
"17972612","Rocky Marciano","Born","9/1/1923","2635709: BoxingWear","null"
"17972613","Rocky Marciano","Died","8/31/1969","2635709: BoxingWear","null"
"17972614","Rocky Marciano","Born","9/1/1923","2635709: BoxingWear","null"
"17972615","Rocky Marciano","Died","8/31/1969","2635709: BoxingWear","null"
"17972616","Rocky Marciano","Born","9/1/1923","2635709: BoxingWear","null"
"17972617","Rocky Marciano","Died","8/31/1969","2635709: BoxingWear","null"
"17972618","Rocky Marciano","Born","9/1/1923","1252049: MKil","null"
"17972619","Rocky Marciano","Died","8/31/1969","1252049: MKil","null"
"17972620","Rocky Marciano","Born","9/1/1923","2635709: BoxingWear","null"
"17972621","Rocky Marciano","Died","8/31/1969","2635709: BoxingWear","null"
"17972622","Rocky Marciano","Born","9/1/1923","1252049: MKil","null"
"17972623","Rocky Marciano","Died","8/31/1969","1252049: MKil","null"
"17972624","Rocky Marciano","Born","9/1/1923","2635709: BoxingWear","null"
"17972625","Rocky Marciano","Died","8/31/1969","2635709: BoxingWear","null"
"17972626","Rocky Marciano","Born","9/1/1923","2635709: BoxingWear","null"
"17972627","Rocky Marciano","Died","8/31/1969","2635709: BoxingWear","null"
"17972628","Rocky Marciano","Born","9/1/1923","0 (58.64.124.172)","null"
"17972629","Rocky Marciano","Died","8/31/1969","0 (58.64.124.172)","null"
"17972630","Rocky Marciano","Born","9/1/1923","1252049: MKil","null"
"17972631","Rocky Marciano","Died","8/31/1969","1252049: MKil","null"
"17972632","Rocky Marciano","Born","9/1/1923","1252049: MKil","null"
"17972633","Rocky Marciano","Died","8/31/1969","1252049: MKil","null"
"17972634","Rocky Marciano","Born","9/1/1923","2635709: BoxingWear","null"
"17972635","Rocky Marciano","Died","8/31/1969","2635709: BoxingWear","null"
"17972636","Rocky Marciano","Born","9/1/1923","2635709: BoxingWear","null"
"17972637","Rocky Marciano","Died","8/31/1969","2635709: BoxingWear","null"
"17972638","Rocky Marciano","Born","9/1/1923","1252049: MKil","null"
"17972639","Rocky Marciano","Died","8/31/1969","1252049: MKil","null"
"17972640","Rocky Marciano","Born","9/1/1923","2635709: BoxingWear","null"
"17972641","Rocky Marciano","Died","8/31/1969","2635709: BoxingWear","null"
"17972642","Rocky Marciano","Born","9/1/1923","2635709: BoxingWear","null"
"17972643","Rocky Marciano","Died","8/31/1969","2635709: BoxingWear","null"
"17972644","Rocky Marciano","Born","9/1/1923","1252049: MKil","null"
"17972645","Rocky Marciano","Died","8/31/1969","1252049: MKil","null"
"17972646","Rocky Marciano","Born","9/1/1923","2635709: BoxingWear","null"
"17972647","Rocky Marciano","Died","8/31/1969","2635709: BoxingWear","null"
"17972648","Rocky Marciano","Born","9/1/1923","2635709: BoxingWear","null"
"17972649","Rocky Marciano","Died","8/31/1969","2635709: BoxingWear","null"
"17972650","Rocky Marciano","Born","9/1/1923","1252049: MKil","null"
"17972651","Rocky Marciano","Died","8/31/1969","1252049: MKil","null"
"17972652","Rocky Marciano","Born","9/1/1923","1252049: MKil","null"
"17972653","Rocky Marciano","Died","8/31/1969","1252049: MKil","null"
"17972654","Rocky Marciano","Born","9/1/1923","1252049: MKil","null"
"17972655","Rocky Marciano","Died","8/31/1969","1252049: MKil","null"
"17972656","Rocky Marciano","Born","9/1/1923","2635709: BoxingWear","null"
"17972657","Rocky Marciano","Died","8/31/1969","2635709: BoxingWear","null"
"17972658","Rocky Marciano","Born","9/1/1923","2635709: BoxingWear","null"
"17972659","Rocky Marciano","Died","8/31/1969","2635709: BoxingWear","null"
"17972660","Rocky Marciano","Born","9/1/1923","1252049: MKil","null"
"17972661","Rocky Marciano","Died","8/31/1969","1252049: MKil","null"
"17972662","Rocky Marciano","Born","9/1/1923","2635709: BoxingWear","null"
"17972663","Rocky Marciano","Died","8/31/1969","2635709: BoxingWear","null"
"17972664","Rocky Marciano","Born","9/1/1923","2635709: BoxingWear","null"
"17972665","Rocky Marciano","Died","8/31/1969","2635709: BoxingWear","null"
"17972666","Rocky Marciano","Born","9/1/1923","2635709: BoxingWear","null"
"17972667","Rocky Marciano","Died","8/31/1969","2635709: BoxingWear","null"
"17972668","Rocky Marciano","Born","9/1/1923","1252049: MKil","null"
"17972669","Rocky Marciano","Died","8/31/1969","1252049: MKil","null"
"17972670","Rocky Marciano","Born","9/1/1923","2635709: BoxingWear","null"
"17972671","Rocky Marciano","Died","8/31/1969","2635709: BoxingWear","null"
"17972672","Rocky Marciano","Born","9/1/1923","2635709: BoxingWear","null"
"17972673","Rocky Marciano","Died","8/31/1969","2635709: BoxingWear","null"
"17972674","Rocky Marciano","Born","9/1/1923","2635709: BoxingWear","null"
"17972675","Rocky Marciano","Died","8/31/1969","2635709: BoxingWear","null"
"17972676","Rocky Marciano","Born","9/1/1923","1252049: MKil","null"
"17972677","Rocky Marciano","Died","8/31/1969","1252049: MKil","null"
"17972678","Rocky Marciano","Born","9/1/1923","3154193: Bitnine","null"
"17972679","Rocky Marciano","Died","8/31/1969","3154193: Bitnine","null"
"17972680","Rocky Marciano","Born","9/1/1923","2635709: BoxingWear","null"
"17972681","Rocky Marciano","Died","8/31/1969","2635709: BoxingWear","null"
"17972682","Rocky Marciano","Born","9/1/1923","2635709: BoxingWear","null"
"17972683","Rocky Marciano","Died","8/31/1969","2635709: BoxingWear","null"
"17972684","Rocky Marciano","Born","9/1/1923","2635709: BoxingWear","null"
"17972685","Rocky Marciano","Died","8/31/1969","2635709: BoxingWear","null"
"17972686","Rocky Marciano","Born","9/1/1923","2635709: BoxingWear","null"
"17972687","Rocky Marciano","Died","8/31/1969","2635709: BoxingWear","null"
"17972688","Rocky Marciano","Born","9/1/1923","2635709: BoxingWear","null"
"17972689","Rocky Marciano","Died","8/31/1969","2635709: BoxingWear","null"
"17972690","Rocky Marciano","Born","9/1/1923","1337698: Viridae","null"
"17972691","Rocky Marciano","Died","8/31/1969","1337698: Viridae","null"
"17972692","Rocky Marciano","Born","9/1/1923","1337698: Viridae","null"
"17972693","Rocky Marciano","Died","8/31/1969","1337698: Viridae","null"
"17972694","Rocky Marciano","Born","9/1/1923","1252049: MKil","null"
"17972695","Rocky Marciano","Died","8/31/1969","1252049: MKil","null"
"17972696","Rocky Marciano","Born","9/1/1923","764407: Kuru","null"
"17972697","Rocky Marciano","Died","8/31/1969","764407: Kuru","null"
"17972698","Rocky Marciano","Born","9/1/1923","1252049: MKil","null"
"17972699","Rocky Marciano","Died","8/31/1969","1252049: MKil","null"
"17972700","Rocky Marciano","Born","9/1/1923","1252049: MKil","null"
"17972701","Rocky Marciano","Died","8/31/1969","1252049: MKil","null"
"17972702","Rocky Marciano","Born","9/1/1923","0 (64.91.127.37)","null"
"17972703","Rocky Marciano","Died","8/31/1969","0 (64.91.127.37)","null"
"17972704","Rocky Marciano","Born","9/1/1923","0 (64.91.127.37)","null"
"17972705","Rocky Marciano","Died","8/31/1969","0 (64.91.127.37)","null"
"17972706","Rocky Marciano","Born","9/1/1923","0 (64.91.127.37)","null"
"17972707","Rocky Marciano","Died","8/31/1969","0 (64.91.127.37)","null"
"17972708","Rocky Marciano","Born","9/1/1923","0 (64.91.127.37)","null"
"17972709","Rocky Marciano","Died","8/31/1969","0 (64.91.127.37)","null"
"17972710","Rocky Marciano","Born","9/1/1923","0 (64.91.127.37)","null"
"17972711","Rocky Marciano","Died","8/31/1969","0 (64.91.127.37)","null"
"17972712","Rocky Marciano","Born","9/1/1923","0 (64.91.127.37)","null"
"17972713","Rocky Marciano","Died","8/31/1969","0 (64.91.127.37)","null"
"17972714","Rocky Marciano","Born","9/1/1923","0 (64.91.127.37)","null"
"17972715","Rocky Marciano","Died","8/31/1969","0 (64.91.127.37)","null"
"17972716","Rocky Marciano","Born","9/1/1923","0 (64.91.127.37)","null"
"17972717","Rocky Marciano","Died","8/31/1969","0 (64.91.127.37)","null"
"17972718","Rocky Marciano","Born","9/1/1923","0 (64.91.127.37)","null"
"17972719","Rocky Marciano","Died","8/31/1969","0 (64.91.127.37)","null"
"17972720","Rocky Marciano","Born","9/1/1923","0 (64.91.127.37)","null"
"17972721","Rocky Marciano","Died","8/31/1969","0 (64.91.127.37)","null"
"17972722","Rocky Marciano","Born","9/1/1923","0 (64.91.127.37)","null"
"17972723","Rocky Marciano","Died","8/31/1969","0 (64.91.127.37)","null"
"17972724","Rocky Marciano","Born","9/1/1923","0 (58.64.105.66)","null"
"17972725","Rocky Marciano","Died","8/31/1969","0 (58.64.105.66)","null"
"17972726","Rocky Marciano","Born","9/1/1923","0 (58.64.105.66)","null"
"17972727","Rocky Marciano","Died","8/31/1969","0 (58.64.105.66)","null"
"17972728","Rocky Marciano","Born","9/1/1923","0 (64.132.95.196)","null"
"17972729","Rocky Marciano","Died","8/31/1969","0 (64.132.95.196)","null"
"17972730","Rocky Marciano","Born","9/1/1923","1252049: MKil","null"
"17972731","Rocky Marciano","Died","8/31/1969","1252049: MKil","null"
"17972732","Rocky Marciano","Born","9/1/1923","0 (200.179.244.89)","null"
"17972733","Rocky Marciano","Died","8/31/1969","0 (200.179.244.89)","null"
"17972734","Rocky Marciano","Born","9/1/1923","3180165: DUBJAY04","null"
"17972735","Rocky Marciano","Died","8/31/1969","3180165: DUBJAY04","null"
"17972736","Rocky Marciano","Born","9/1/1923","2635709: BoxingWear","null"
"17972737","Rocky Marciano","Died","8/31/1969","2635709: BoxingWear","null"
"17972738","Rocky Marciano","Born","9/1/1923","2635709: BoxingWear","null"
"17972739","Rocky Marciano","Died","8/31/1969","2635709: BoxingWear","null"
"17972740","Rocky Marciano","Born","9/1/1923","2635709: BoxingWear","null"
"17972741","Rocky Marciano","Died","8/31/1969","2635709: BoxingWear","null"
"17972742","Rocky Marciano","Born","9/1/1923","2635709: BoxingWear","null"
"17972743","Rocky Marciano","Died","8/31/1969","2635709: BoxingWear","null"
"17972744","Rocky Marciano","Born","9/1/1923","2635709: BoxingWear","null"
"17972745","Rocky Marciano","Died","8/31/1969","2635709: BoxingWear","null"
"17972746","Rocky Marciano","Born","9/1/1923","2635709: BoxingWear","null"
"17972747","Rocky Marciano","Died","8/31/1969","2635709: BoxingWear","null"
"17972748","Rocky Marciano","Born","9/1/1923","2635709: BoxingWear","null"
"17972749","Rocky Marciano","Died","8/31/1969","2635709: BoxingWear","null"
"17972750","Rocky Marciano","Born","9/1/1923","2635709: BoxingWear","null"
"17972751","Rocky Marciano","Died","8/31/1969","2635709: BoxingWear","null"
"17972752","Rocky Marciano","Born","9/1/1923","2635709: BoxingWear","null"
"17972753","Rocky Marciano","Died","8/31/1969","2635709: BoxingWear","null"
"17972754","Rocky Marciano","Born","9/1/1923","2635709: BoxingWear","null"
"17972755","Rocky Marciano","Died","8/31/1969","2635709: BoxingWear","null"
"17972756","Rocky Marciano","Born","9/1/1923","2635709: BoxingWear","null"
"17972757","Rocky Marciano","Died","8/31/1969","2635709: BoxingWear","null"
"17972758","Rocky Marciano","Born","9/1/1923","1252049: MKil","null"
"17972759","Rocky Marciano","Died","8/31/1969","1252049: MKil","null"
"17972760","Rocky Marciano","Born","9/1/1923","1252049: MKil","null"
"17972761","Rocky Marciano","Died","8/31/1969","1252049: MKil","null"
"17972762","Rocky Marciano","Born","9/1/1923","1252049: MKil","null"
"17972763","Rocky Marciano","Died","8/31/1969","1252049: MKil","null"
"17972764","Rocky Marciano","Born","9/1/1923","764407: Kuru","null"
"17972765","Rocky Marciano","Died","8/31/1969","764407: Kuru","null"
"17972766","Rocky Marciano","Born","9/1/1923","764407: Kuru","null"
"17972767","Rocky Marciano","Died","8/31/1969","764407: Kuru","null"
"17972768","Rocky Marciano","Born","9/1/1923","320488: Robdurbar","null"
"17972769","Rocky Marciano","Died","8/31/1969","320488: Robdurbar","null"
"17972770","Rocky Marciano","Born","9/1/1923","320488: Robdurbar","null"
"17972771","Rocky Marciano","Died","8/31/1969","320488: Robdurbar","null"
"17972772","Rocky Marciano","Born","9/1/1923","0 (200.74.174.132)","null"
"17972773","Rocky Marciano","Died","8/31/1969","0 (200.74.174.132)","null"
"17972774","Rocky Marciano","Born","9/1/1923","0 (205.244.118.139)","null"
"17972775","Rocky Marciano","Died","8/31/1969","0 (205.244.118.139)","null"
"17972776","Rocky Marciano","Born","9/1/1923","764407: Kuru","null"
"17972777","Rocky Marciano","Died","8/31/1969","764407: Kuru","null"
"17972778","Rocky Marciano","Born","9/1/1923","0 (205.244.118.139)","null"
"17972779","Rocky Marciano","Died","8/31/1969","0 (205.244.118.139)","null"
"17972780","Rocky Marciano","Born","9/1/1923","516856: Andy M. Wang","null"
"17972781","Rocky Marciano","Died","8/31/1969","516856: Andy M. Wang","null"
"17972782","Rocky Marciano","Born","9/1/1923","206180: Chipuni","null"
"17972783","Rocky Marciano","Died","8/31/1969","206180: Chipuni","null"
"17972784","Rocky Marciano","Born","9/1/1923","1252049: MKil","null"
"17972785","Rocky Marciano","Died","8/31/1969","1252049: MKil","null"
"17972786","Rocky Marciano","Born","9/1/1923","0 (84.16.240.239)","null"
"17972787","Rocky Marciano","Died","8/31/1969","0 (84.16.240.239)","null"
"17972788","Rocky Marciano","Born","9/1/1923","0 (84.16.240.239)","null"
"17972789","Rocky Marciano","Died","8/31/1969","0 (84.16.240.239)","null"
"17972790","Rocky Marciano","Born","9/1/1923","1252049: MKil","null"
"17972791","Rocky Marciano","Died","8/31/1969","1252049: MKil","null"
"17972792","Rocky Marciano","Born","9/1/1923","0 (64.107.220.105)","null"
"17972793","Rocky Marciano","Died","8/31/1969","0 (64.107.220.105)","null"
"17972794","Rocky Marciano","Born","9/1/1923","308125: Chick Bowen","null"
"17972795","Rocky Marciano","Died","8/31/1969","308125: Chick Bowen","null"
"17972796","Rocky Marciano","Born","9/1/1923","557349: Droll","null"
"17972797","Rocky Marciano","Died","8/31/1969","557349: Droll","null"
"17972798","Rocky Marciano","Born","9/1/1923","0 (65.164.168.43)","null"
"17972799","Rocky Marciano","Died","8/31/1969","0 (65.164.168.43)","null"
"17972800","Rocky Marciano","Born","9/1/1923","3154193: Bitnine","null"
"17972801","Rocky Marciano","Died","8/31/1969","3154193: Bitnine","null"
"17972802","Rocky Marciano","Born","9/1/1923","1664492: Chill doubt","null"
"17972803","Rocky Marciano","Died","8/31/1969","1664492: Chill doubt","null"
"17972804","Rocky Marciano","Born","9/1/1923","317481: Patchyreynolds","null"
"17972805","Rocky Marciano","Died","8/31/1969","317481: Patchyreynolds","null"
"17972806","Rocky Marciano","Born","9/1/1923","317481: Patchyreynolds","null"
"17972807","Rocky Marciano","Died","8/31/1969","317481: Patchyreynolds","null"
"17972808","Rocky Marciano","Born","9/1/1923","317481: Patchyreynolds","null"
"17972809","Rocky Marciano","Died","8/31/1969","317481: Patchyreynolds","null"
"17972810","Rocky Marciano","Born","9/1/1923","433328: SmackBot","null"
"17972811","Rocky Marciano","Died","8/31/1969","433328: SmackBot","null"
"17972812","Rocky Marciano","Born","9/1/1923","0 (64.113.101.159)","null"
"17972813","Rocky Marciano","Died","8/31/1969","0 (64.113.101.159)","null"
"17972814","Rocky Marciano","Born","9/1/1923","317481: Patchyreynolds","null"
"17972815","Rocky Marciano","Died","8/31/1969","317481: Patchyreynolds","null"
"17972816","Rocky Marciano","Born","9/1/1923","317481: Patchyreynolds","null"
"17972817","Rocky Marciano","Died","8/31/1969","317481: Patchyreynolds","null"
"17972818","Rocky Marciano","Born","9/1/1923","317481: Patchyreynolds","null"
"17972819","Rocky Marciano","Died","8/31/1969","317481: Patchyreynolds","null"
"17972820","Rocky Marciano","Born","9/1/1923","9992: Andres","null"
"17972821","Rocky Marciano","Died","8/31/1969","9992: Andres","null"
"17972822","Rocky Marciano","Born","9/1/1923","1544938: Sean William","null"
"17972823","Rocky Marciano","Died","8/31/1969","1544938: Sean William","null"
"17972824","Rocky Marciano","Born","9/1/1923","1252049: MKil","null"
"17972825","Rocky Marciano","Died","8/31/1969","1252049: MKil","null"
"17972826","Rocky Marciano","Born","9/1/1923","1252049: MKil","null"
"17972827","Rocky Marciano","Died","8/31/1969","1252049: MKil","null"
"17972828","Rocky Marciano","Born","9/1/1923","577301: Colonies Chris","null"
"17972829","Rocky Marciano","Died","8/31/1969","577301: Colonies Chris","null"
"17972830","Rocky Marciano","Born","9/1/1923","0 (125.244.164.90)","null"
"17972831","Rocky Marciano","Died","8/31/1969","0 (125.244.164.90)","null"
"17972832","Rocky Marciano","Born","9/1/1923","0 (125.244.164.90)","null"
"17972833","Rocky Marciano","Died","8/31/1969","0 (125.244.164.90)","null"
"17972834","Rocky Marciano","Born","9/1/1923","0 (125.244.164.90)","null"
"17972835","Rocky Marciano","Died","8/31/1969","0 (125.244.164.90)","null"
"17972836","Rocky Marciano","Born","9/1/1923","0 (125.244.164.90)","null"
"17972837","Rocky Marciano","Died","8/31/1969","0 (125.244.164.90)","null"
"17972838","Rocky Marciano","Born","9/1/1923","0 (125.244.164.90)","null"
"17972839","Rocky Marciano","Died","8/31/1969","0 (125.244.164.90)","null"
"17972840","Rocky Marciano","Born","9/1/1923","1252049: MKil","null"
"17972841","Rocky Marciano","Died","8/31/1969","1252049: MKil","null"
"17972842","Rocky Marciano","Born","9/1/1923","1252049: MKil","null"
"17972843","Rocky Marciano","Died","8/31/1969","1252049: MKil","null"
"17972844","Rocky Marciano","Born","9/1/1923","3034028: McNoddy","null"
"17972845","Rocky Marciano","Died","8/31/1969","3034028: McNoddy","null"
"17972846","Rocky Marciano","Born","9/1/1923","0 (125.244.73.194)","null"
"17972847","Rocky Marciano","Died","8/31/1969","0 (125.244.73.194)","null"
"17972848","Rocky Marciano","Born","9/1/1923","1252049: MKil","null"
"17972849","Rocky Marciano","Died","8/31/1969","1252049: MKil","null"
"17972850","Rocky Marciano","Born","9/1/1923","1215485: Cydebot","null"
"17972851","Rocky Marciano","Died","8/31/1969","1215485: Cydebot","null"
"17972852","Rocky Marciano","Born","9/1/1923","1258876: Wiknik","null"
"17972853","Rocky Marciano","Died","8/31/1969","1258876: Wiknik","null"
"17972854","Rocky Marciano","Born","9/1/1923","1258876: Wiknik","null"
"17972855","Rocky Marciano","Died","8/31/1969","1258876: Wiknik","null"
"17972856","Rocky Marciano","Born","9/1/1923","1258876: Wiknik","null"
"17972857","Rocky Marciano","Died","8/31/1969","1258876: Wiknik","null"
"17972858","Rocky Marciano","Born","9/1/1923","1071785: Anthony22","null"
"17972859","Rocky Marciano","Died","8/31/1969","1071785: Anthony22","null"
"17972860","Rocky Marciano","Born","9/1/1923","703641: Xagent86","null"
"17972861","Rocky Marciano","Died","8/31/1969","703641: Xagent86","null"
"17972862","Rocky Marciano","Born","9/1/1923","3315117: Qxz","null"
"17972863","Rocky Marciano","Died","8/31/1969","3315117: Qxz","null"
"17972864","Rocky Marciano","Born","9/1/1923","1252049: MKil","null"
"17972865","Rocky Marciano","Died","8/31/1969","1252049: MKil","null"
"17972866","Rocky Marciano","Born","9/1/1923","1071785: Anthony22","null"
"17972867","Rocky Marciano","Died","8/31/1969","1071785: Anthony22","null"
"17972868","Rocky Marciano","Born","9/1/1923","0 (200.74.174.191)","null"
"17972869","Rocky Marciano","Died","8/31/1969","0 (200.74.174.191)","null"
"17972870","Rocky Marciano","Born","9/1/1923","0 (200.74.174.191)","null"
"17972871","Rocky Marciano","Died","8/31/1969","0 (200.74.174.191)","null"
"17972872","Rocky Marciano","Born","9/1/1923","317481: Patchyreynolds","null"
"17972873","Rocky Marciano","Died","8/31/1969","317481: Patchyreynolds","null"
"17972874","Rocky Marciano","Born","9/1/1923","1252049: MKil","null"
"17972875","Rocky Marciano","Died","8/31/1969","1252049: MKil","null"
"17972876","Rocky Marciano","Born","9/1/1923","0 (85.216.60.3)","null"
"17972877","Rocky Marciano","Died","8/31/1969","0 (85.216.60.3)","null"
"17972878","Rocky Marciano","Born","9/1/1923","0 (165.139.77.10)","null"
"17972879","Rocky Marciano","Died","8/31/1969","0 (165.139.77.10)","null"
"17972880","Rocky Marciano","Born","9/1/1923","1252049: MKil","null"
"17972881","Rocky Marciano","Died","8/31/1969","1252049: MKil","null"
"17972882","Rocky Marciano","Born","9/1/1923","2206974: STBot","null"
"17972883","Rocky Marciano","Died","8/31/1969","2206974: STBot","null"
"17972884","Rocky Marciano","Born","9/1/1923","3478899: Sean- fu","null"
"17972885","Rocky Marciano","Died","8/31/1969","3478899: Sean- fu","null"
"17972886","Rocky Marciano","Born","9/1/1923","0 (200.179.244.89)","null"
"17972887","Rocky Marciano","Died","8/31/1969","0 (200.179.244.89)","null"
"17972888","Rocky Marciano","Born","9/1/1923","0 (200.179.244.89)","null"
"17972889","Rocky Marciano","Died","8/31/1969","0 (200.179.244.89)","null"
"17972890","Rocky Marciano","Born","9/1/1923","0 (200.179.244.89)","null"
"17972891","Rocky Marciano","Died","8/31/1969","0 (200.179.244.89)","null"
"17972892","Rocky Marciano","Born","9/1/1923","0 (200.179.244.89)","null"
"17972893","Rocky Marciano","Died","8/31/1969","0 (200.179.244.89)","null"
"17972894","Rocky Marciano","Born","9/1/1923","0 (200.179.244.89)","null"
"17972895","Rocky Marciano","Died","8/31/1969","0 (200.179.244.89)","null"
"17972896","Rocky Marciano","Born","9/1/1923","0 (200.179.244.89)","null"
"17972897","Rocky Marciano","Died","8/31/1969","0 (200.179.244.89)","null"
"17972898","Rocky Marciano","Born","9/1/1923","0 (24.44.120.168)","null"
"17972899","Rocky Marciano","Died","8/31/1969","0 (24.44.120.168)","null"
"17972900","Rocky Marciano","Born","9/1/1923","0 (24.44.120.168)","null"
"17972901","Rocky Marciano","Died","8/31/1969","0 (24.44.120.168)","null"
"17972902","Rocky Marciano","Born","9/1/1923","1252049: MKil","null"
"17972903","Rocky Marciano","Died","8/31/1969","1252049: MKil","null"
"17972904","Rocky Marciano","Born","9/1/1923","228541: Mikecron","null"
"17972905","Rocky Marciano","Died","8/31/1969","228541: Mikecron","null"
"17972906","Rocky Marciano","Born","9/1/1923","0 (204.227.243.16)","null"
"17972907","Rocky Marciano","Died","8/31/1969","0 (204.227.243.16)","null"
"17972908","Rocky Marciano","Born","9/1/1923","0 (64.107.220.106)","null"
"17972909","Rocky Marciano","Died","8/31/1969","0 (64.107.220.106)","null"
"17972910","Rocky Marciano","Born","9/1/1923","0 (64.107.220.106)","null"
"17972911","Rocky Marciano","Died","8/31/1969","0 (64.107.220.106)","null"
"17972912","Rocky Marciano","Born","9/1/1923","0 (125.243.252.130)","null"
"17972913","Rocky Marciano","Died","8/31/1969","0 (125.243.252.130)","null"
"17972914","Rocky Marciano","Born","9/1/1923","0 (125.243.252.130)","null"
"17972915","Rocky Marciano","Died","8/31/1969","0 (125.243.252.130)","null"
"17972916","Rocky Marciano","Born","9/1/1923","0 (125.243.252.130)","null"
"17972917","Rocky Marciano","Died","8/31/1969","0 (125.243.252.130)","null"
"17972918","Rocky Marciano","Born","9/1/1923","0 (64.107.220.106)","null"
"17972919","Rocky Marciano","Died","8/31/1969","0 (64.107.220.106)","null"
"17972920","Rocky Marciano","Born","9/1/1923","0 (125.243.252.130)","null"
"17972921","Rocky Marciano","Died","8/31/1969","0 (125.243.252.130)","null"
"17972922","Rocky Marciano","Born","9/1/1923","0 (67.86.134.131)","null"
"17972923","Rocky Marciano","Died","8/31/1969","0 (67.86.134.131)","null"
"17972924","Rocky Marciano","Born","9/1/1923","1252049: MKil","null"
"17972925","Rocky Marciano","Died","8/31/1969","1252049: MKil","null"
"17972926","Rocky Marciano","Born","9/1/1923","2795686: JYMoore","null"
"17972927","Rocky Marciano","Died","8/31/1969","2795686: JYMoore","null"
"17972928","Rocky Marciano","Born","9/1/1923","0 (207.255.21.232)","null"
"17972929","Rocky Marciano","Died","8/31/1969","0 (207.255.21.232)","null"
"17972930","Rocky Marciano","Born","9/1/1923","1252049: MKil","null"
"17972931","Rocky Marciano","Died","8/31/1969","1252049: MKil","null"
"17972932","Rocky Marciano","Born","9/1/1923","0 (207.255.21.232)","null"
"17972933","Rocky Marciano","Died","8/31/1969","0 (207.255.21.232)","null"
"17972934","Rocky Marciano","Born","9/1/1923","1252049: MKil","null"
"17972935","Rocky Marciano","Died","8/31/1969","1252049: MKil","null"
"17972936","Rocky Marciano","Born","9/1/1923","0 (64.107.220.177)","null"
"17972937","Rocky Marciano","Died","8/31/1969","0 (64.107.220.177)","null"
"17972938","Rocky Marciano","Born","9/1/1923","0 (64.107.220.177)","null"
"17972939","Rocky Marciano","Died","8/31/1969","0 (64.107.220.177)","null"
"17972940","Rocky Marciano","Born","9/1/1923","57658: Antandrus","null"
"17972941","Rocky Marciano","Died","8/31/1969","57658: Antandrus","null"
"17972942","Rocky Marciano","Born","9/1/1923","0 (203.160.1.46)","null"
"17972943","Rocky Marciano","Died","8/31/1969","0 (203.160.1.46)","null"
"17972944","Rocky Marciano","Born","9/1/1923","57658: Antandrus","null"
"17972945","Rocky Marciano","Died","8/31/1969","57658: Antandrus","null"
"17972946","Rocky Marciano","Born","9/1/1923","0 (72.1.206.60)","null"
"17972947","Rocky Marciano","Died","8/31/1969","0 (72.1.206.60)","null"
"17972948","Rocky Marciano","Born","9/1/1923","319061: Irishguy","null"
"17972949","Rocky Marciano","Died","8/31/1969","319061: Irishguy","null"
"17972950","Rocky Marciano","Born","9/1/1923","0 (200.168.234.142)","null"
"17972951","Rocky Marciano","Died","8/31/1969","0 (200.168.234.142)","null"
"17972952","Rocky Marciano","Born","9/1/1923","319061: Irishguy","null"
"17972953","Rocky Marciano","Died","8/31/1969","319061: Irishguy","null"
"17972954","Rocky Marciano","Born","9/1/1923","0 (213.227.149.165)","null"
"17972955","Rocky Marciano","Died","8/31/1969","0 (213.227.149.165)","null"
"17972956","Rocky Marciano","Born","9/1/1923","1337698: Viridae","null"
"17972957","Rocky Marciano","Died","8/31/1969","1337698: Viridae","null"
"17972958","Rocky Marciano","Born","9/1/1923","0 (200.179.244.89)","null"
"17972959","Rocky Marciano","Died","8/31/1969","0 (200.179.244.89)","null"
"17972960","Rocky Marciano","Born","9/1/1923","0 (69.142.148.38)","null"
"17972961","Rocky Marciano","Died","8/31/1969","0 (69.142.148.38)","null"
"17972962","Rocky Marciano","Born","9/1/1923","0 (141.57.24.211)","null"
"17972963","Rocky Marciano","Died","8/31/1969","0 (141.57.24.211)","null"
"17972964","Rocky Marciano","Born","9/1/1923","0 (141.57.24.211)","null"
"17972965","Rocky Marciano","Died","8/31/1969","0 (141.57.24.211)","null"
"17972966","Rocky Marciano","Born","9/1/1923","0 (200.100.203.75)","null"
"17972967","Rocky Marciano","Died","8/31/1969","0 (200.100.203.75)","null"
"17972968","Rocky Marciano","Born","9/1/1923","301635: Electric Eye","null"
"17972969","Rocky Marciano","Died","8/31/1969","301635: Electric Eye","null"
"17972970","Rocky Marciano","Born","9/1/1923","1252049: MKil","null"
"17972971","Rocky Marciano","Died","8/31/1969","1252049: MKil","null"
"17972972","Rocky Marciano","Born","9/1/1923","411791: Rpupkin77","null"
"17972973","Rocky Marciano","Died","8/31/1969","411791: Rpupkin77","null"
"17972974","Rocky Marciano","Born","9/1/1923","1252049: MKil","null"
"17972975","Rocky Marciano","Died","8/31/1969","1252049: MKil","null"
"17972976","Rocky Marciano","Born","9/1/1923","1252049: MKil","null"
"17972977","Rocky Marciano","Died","8/31/1969","1252049: MKil","null"
"17972978","Rocky Marciano","Born","9/1/1923","0 (125.244.115.145)","null"
"17972979","Rocky Marciano","Died","8/31/1969","0 (125.244.115.145)","null"
"17972980","Rocky Marciano","Born","9/1/1923","1252049: MKil","null"
"17972981","Rocky Marciano","Died","8/31/1969","1252049: MKil","null"
"17972982","Rocky Marciano","Born","9/1/1923","0 (216.36.124.254)","null"
"17972983","Rocky Marciano","Died","8/31/1969","0 (216.36.124.254)","null"
"17972984","Rocky Marciano","Born","9/1/1923","0 (216.36.124.254)","null"
"17972985","Rocky Marciano","Died","8/31/1969","0 (216.36.124.254)","null"
"17972986","Rocky Marciano","Born","9/1/1923","1252049: MKil","null"
"17972987","Rocky Marciano","Died","8/31/1969","1252049: MKil","null"
"17972988","Rocky Marciano","Born","9/1/1923","3169656: Rossen3","null"
"17972989","Rocky Marciano","Died","8/31/1969","3169656: Rossen3","null"
"17972990","Rocky Marciano","Born","9/1/1923","3169656: Rossen3","null"
"17972991","Rocky Marciano","Died","8/31/1969","3169656: Rossen3","null"
"17972992","Rocky Marciano","Born","9/1/1923","3169656: Rossen3","null"
"17972993","Rocky Marciano","Died","8/31/1969","3169656: Rossen3","null"
"17972994","Rocky Marciano","Born","9/1/1923","3169656: Rossen3","null"
"17972995","Rocky Marciano","Died","8/31/1969","3169656: Rossen3","null"
"17972996","Rocky Marciano","Born","9/1/1923","2662118: Larochela","null"
"17972997","Rocky Marciano","Died","8/31/1969","2662118: Larochela","null"
"17972998","Rocky Marciano","Born","9/1/1923","0 (142.167.144.154)","null"
"17972999","Rocky Marciano","Died","8/31/1969","0 (142.167.144.154)","null"
"17973000","Rocky Marciano","Born","9/1/1923","0 (75.49.94.187)","null"
"17973001","Rocky Marciano","Died","8/31/1969","0 (75.49.94.187)","null"
"17973002","Rocky Marciano","Born","9/1/1923","1252049: MKil","null"
"17973003","Rocky Marciano","Died","8/31/1969","1252049: MKil","null"
"17973004","Rocky Marciano","Born","9/1/1923","0 (69.33.27.218)","null"
"17973005","Rocky Marciano","Died","8/31/1969","0 (69.33.27.218)","null"
"17973006","Rocky Marciano","Born","9/1/1923","1252049: MKil","null"
"17973007","Rocky Marciano","Died","8/31/1969","1252049: MKil","null"
"17973008","Rocky Marciano","Born","9/1/1923","0 (81.153.240.88)","null"
"17973009","Rocky Marciano","Died","8/31/1969","0 (81.153.240.88)","null"
"17973010","Rocky Marciano","Born","9/1/1923","0 (81.153.240.88)","null"
"17973011","Rocky Marciano","Died","8/31/1969","0 (81.153.240.88)","null"
"17973012","Rocky Marciano","Born","9/1/1923","0 (81.153.240.88)","null"
"17973013","Rocky Marciano","Died","8/31/1969","0 (81.153.240.88)","null"
"17973014","Rocky Marciano","Born","9/1/1923","0 (81.153.240.88)","null"
"17973015","Rocky Marciano","Died","8/31/1969","0 (81.153.240.88)","null"
"17973016","Rocky Marciano","Born","9/1/1923","0 (204.39.68.16)","null"
"17973017","Rocky Marciano","Died","8/31/1969","0 (204.39.68.16)","null"
"17973018","Rocky Marciano","Born","9/1/1923","0 (204.39.68.16)","null"
"17973019","Rocky Marciano","Died","8/31/1969","0 (204.39.68.16)","null"
"17973020","Rocky Marciano","Born","9/1/1923","1252049: MKil","null"
"17973021","Rocky Marciano","Died","8/31/1969","1252049: MKil","null"
"17973022","Rocky Marciano","Born","9/1/1923","0 (71.239.4.122)","null"
"17973023","Rocky Marciano","Died","8/31/1969","0 (71.239.4.122)","null"
"17973024","Rocky Marciano","Born","9/1/1923","2795686: JYMoore","null"
"17973025","Rocky Marciano","Died","8/31/1969","2795686: JYMoore","null"
"17973026","Rocky Marciano","Born","9/1/1923","2795686: JYMoore","null"
"17973027","Rocky Marciano","Died","8/31/1969","2795686: JYMoore","null"
"17973028","Rocky Marciano","Born","9/1/1923","0 (207.74.89.88)","null"
"17973029","Rocky Marciano","Died","8/31/1969","0 (207.74.89.88)","null"
"17973030","Rocky Marciano","Born","9/1/1923","0 (207.74.89.88)","null"
"17973031","Rocky Marciano","Died","8/31/1969","0 (207.74.89.88)","null"
"17973032","Rocky Marciano","Born","9/1/1923","0 (207.74.89.88)","null"
"17973033","Rocky Marciano","Died","8/31/1969","0 (207.74.89.88)","null"
"17973034","Rocky Marciano","Born","9/1/1923","0 (207.74.89.88)","null"
"17973035","Rocky Marciano","Died","8/31/1969","0 (207.74.89.88)","null"
"17973036","Rocky Marciano","Born","9/1/1923","0 (207.74.89.88)","null"
"17973037","Rocky Marciano","Died","8/31/1969","0 (207.74.89.88)","null"
"17973038","Rocky Marciano","Born","9/1/1923","0 (207.74.89.88)","null"
"17973039","Rocky Marciano","Died","8/31/1969","0 (207.74.89.88)","null"
"17973040","Rocky Marciano","Born","9/1/1923","0 (207.74.89.88)","null"
"17973041","Rocky Marciano","Died","8/31/1969","0 (207.74.89.88)","null"
"17973042","Rocky Marciano","Born","9/1/1923","0 (207.74.89.88)","null"
"17973043","Rocky Marciano","Died","8/31/1969","0 (207.74.89.88)","null"
"17973044","Rocky Marciano","Born","9/1/1923","57658: Antandrus","null"
"17973045","Rocky Marciano","Died","8/31/1969","57658: Antandrus","null"
"17973046","Rocky Marciano","Born","9/1/1923","0 (69.33.27.218)","null"
"17973047","Rocky Marciano","Died","8/31/1969","0 (69.33.27.218)","null"
"17973048","Rocky Marciano","Born","9/1/1923","1252049: MKil","null"
"17973049","Rocky Marciano","Died","8/31/1969","1252049: MKil","null"
"17973050","Rocky Marciano","Born","9/1/1923","0 (199.248.201.204)","null"
"17973051","Rocky Marciano","Died","8/31/1969","0 (199.248.201.204)","null"
"17973052","Rocky Marciano","Born","9/1/1923","0 (70.181.84.63)","null"
"17973053","Rocky Marciano","Died","8/31/1969","0 (70.181.84.63)","null"
"17973054","Rocky Marciano","Born","9/1/1923","0 (139.30.18.40)","null"
"17973055","Rocky Marciano","Died","8/31/1969","0 (139.30.18.40)","null"
"17973056","Rocky Marciano","Born","9/1/1923","949717: Clarityfiend","null"
"17973057","Rocky Marciano","Died","8/31/1969","949717: Clarityfiend","null"
"17973058","Rocky Marciano","Born","9/1/1923","949717: Clarityfiend","null"
"17973059","Rocky Marciano","Died","8/31/1969","949717: Clarityfiend","null"
"17973060","Rocky Marciano","Born","9/1/1923","949717: Clarityfiend","null"
"17973061","Rocky Marciano","Died","8/31/1969","949717: Clarityfiend","null"
"17973062","Rocky Marciano","Born","9/1/1923","272143: Drdisque","null"
"17973063","Rocky Marciano","Died","8/31/1969","272143: Drdisque","null"
"17973064","Rocky Marciano","Born","9/1/1923","272143: Drdisque","null"
"17973065","Rocky Marciano","Died","8/31/1969","272143: Drdisque","null"
"17973066","Rocky Marciano","Born","9/1/1923","0 (71.209.113.179)","null"
"17973067","Rocky Marciano","Died","8/31/1969","0 (71.209.113.179)","null"
"17973068","Rocky Marciano","Born","9/1/1923","0 (71.209.113.179)","null"
"17973069","Rocky Marciano","Died","8/31/1969","0 (71.209.113.179)","null"
"17973070","Rocky Marciano","Born","9/1/1923","0 (24.44.120.168)","null"
"17973071","Rocky Marciano","Died","8/31/1969","0 (24.44.120.168)","null"
"17973072","Rocky Marciano","Born","9/1/1923","0 (200.211.127.4)","null"
"17973073","Rocky Marciano","Died","8/31/1969","0 (200.211.127.4)","null"
"17973074","Rocky Marciano","Born","9/1/1923","0 (24.44.120.168)","null"
"17973075","Rocky Marciano","Died","8/31/1969","0 (24.44.120.168)","null"
"17973076","Rocky Marciano","Born","9/1/1923","4044930: Foremanfan","null"
"17973077","Rocky Marciano","Died","8/31/1969","4044930: Foremanfan","null"
"17973078","Rocky Marciano","Born","9/1/1923","4044930: Foremanfan","null"
"17973079","Rocky Marciano","Died","8/31/1969","4044930: Foremanfan","null"
"17973080","Rocky Marciano","Born","9/1/1923","1252049: MKil","null"
"17973081","Rocky Marciano","Died","8/31/1969","1252049: MKil","null"
"17973082","Rocky Marciano","Born","9/1/1923","4044930: Foremanfan","null"
"17973083","Rocky Marciano","Died","8/31/1969","4044930: Foremanfan","null"
"17973084","Rocky Marciano","Born","9/1/1923","4044930: Foremanfan","null"
"17973085","Rocky Marciano","Died","8/31/1969","4044930: Foremanfan","null"
"17973086","Rocky Marciano","Born","9/1/1923","4044930: Foremanfan","null"
"17973087","Rocky Marciano","Died","8/31/1969","4044930: Foremanfan","null"
"17973088","Rocky Marciano","Born","9/1/1923","4044930: Foremanfan","null"
"17973089","Rocky Marciano","Died","8/31/1969","4044930: Foremanfan","null"
"17973090","Rocky Marciano","Born","9/1/1923","4044930: Foremanfan","null"
"17973091","Rocky Marciano","Died","8/31/1969","4044930: Foremanfan","null"
"17973092","Rocky Marciano","Born","9/1/1923","4044930: Foremanfan","null"
"17973093","Rocky Marciano","Died","8/31/1969","4044930: Foremanfan","null"
"17973094","Rocky Marciano","Born","9/1/1923","0 (201.8.27.50)","null"
"17973095","Rocky Marciano","Died","9/1/1969","0 (201.8.27.50)","null"
"17973096","Rocky Marciano","Born","9/1/1923","1337698: Viridae","null"
"17973097","Rocky Marciano","Died","8/31/1969","1337698: Viridae","null"
"17973098","Rocky Marciano","Born","9/1/1923","0 (24.79.216.35)","null"
"17973099","Rocky Marciano","Died","8/31/1969","0 (24.79.216.35)","null"
"17973100","Rocky Marciano","Born","9/1/1923","1252049: MKil","null"
"17973101","Rocky Marciano","Died","8/31/1969","1252049: MKil","null"
"17973102","Rocky Marciano","Born","9/1/1923","0 (70.23.203.188)","null"
"17973103","Rocky Marciano","Died","8/31/1969","0 (70.23.203.188)","null"
"17973104","Rocky Marciano","Born","9/1/1923","4044930: Foremanfan","null"
"17973105","Rocky Marciano","Died","8/31/1969","4044930: Foremanfan","null"
"17973106","Rocky Marciano","Born","9/1/1923","4044930: Foremanfan","null"
"17973107","Rocky Marciano","Died","8/31/1969","4044930: Foremanfan","null"
"17973108","Rocky Marciano","Born","9/1/1923","4044930: Foremanfan","null"
"17973109","Rocky Marciano","Died","8/31/1969","4044930: Foremanfan","null"
"17973110","Rocky Marciano","Born","9/1/1923","4044930: Foremanfan","null"
"17973111","Rocky Marciano","Died","8/31/1969","4044930: Foremanfan","null"
"17973112","Rocky Marciano","Born","9/1/1923","4044930: Foremanfan","null"
"17973113","Rocky Marciano","Died","8/31/1969","4044930: Foremanfan","null"
"17973114","Rocky Marciano","Born","9/1/1923","4044930: Foremanfan","null"
"17973115","Rocky Marciano","Died","8/31/1969","4044930: Foremanfan","null"
"17973116","Rocky Marciano","Born","9/1/1923","4044930: Foremanfan","null"
"17973117","Rocky Marciano","Died","8/31/1969","4044930: Foremanfan","null"
"17973118","Rocky Marciano","Born","9/1/1923","4044930: Foremanfan","null"
"17973119","Rocky Marciano","Died","8/31/1969","4044930: Foremanfan","null"
"17973120","Rocky Marciano","Born","9/1/1923","0 (72.150.6.22)","null"
"17973121","Rocky Marciano","Died","8/31/1969","0 (72.150.6.22)","null"
"17973122","Rocky Marciano","Born","9/1/1923","0 (72.150.6.22)","null"
"17973123","Rocky Marciano","Died","8/31/1969","0 (72.150.6.22)","null"
"17973124","Rocky Marciano","Born","9/1/1923","0 (59.100.140.231)","null"
"17973125","Rocky Marciano","Died","8/31/1969","0 (59.100.140.231)","null"
"17973126","Rocky Marciano","Born","9/1/1923","1252049: MKil","null"
"17973127","Rocky Marciano","Died","8/31/1969","1252049: MKil","null"
"17973128","Rocky Marciano","Born","9/1/1923","1252049: MKil","null"
"17973129","Rocky Marciano","Died","8/31/1969","1252049: MKil","null"
"17973130","Rocky Marciano","Born","9/1/1923","1252049: MKil","null"
"17973131","Rocky Marciano","Died","8/31/1969","1252049: MKil","null"
"17973132","Rocky Marciano","Born","9/1/1923","4044930: Foremanfan","null"
"17973133","Rocky Marciano","Died","8/31/1969","4044930: Foremanfan","null"
"17973134","Rocky Marciano","Born","9/1/1923","4044930: Foremanfan","null"
"17973135","Rocky Marciano","Died","8/31/1969","4044930: Foremanfan","null"
"17973136","Rocky Marciano","Born","9/1/1923","1252049: MKil","null"
"17973137","Rocky Marciano","Died","8/31/1969","1252049: MKil","null"
"17973138","Rocky Marciano","Born","9/1/1923","4044930: Foremanfan","null"
"17973139","Rocky Marciano","Died","8/31/1969","4044930: Foremanfan","null"
"17973140","Rocky Marciano","Born","9/1/1923","4044930: Foremanfan","null"
"17973141","Rocky Marciano","Died","8/31/1969","4044930: Foremanfan","null"
"17973142","Rocky Marciano","Born","9/1/1923","4044930: Foremanfan","null"
"17973143","Rocky Marciano","Died","8/31/1969","4044930: Foremanfan","null"
"17973144","Rocky Marciano","Born","9/1/1923","1252049: MKil","null"
"17973145","Rocky Marciano","Died","8/31/1969","1252049: MKil","null"
"17973146","Rocky Marciano","Born","9/1/1923","1252049: MKil","null"
"17973147","Rocky Marciano","Died","8/31/1969","1252049: MKil","null"
"17973148","Rocky Marciano","Born","9/1/1923","4044930: Foremanfan","null"
"17973149","Rocky Marciano","Died","8/31/1969","4044930: Foremanfan","null"
"17973150","Rocky Marciano","Born","9/1/1923","4044930: Foremanfan","null"
"17973151","Rocky Marciano","Died","8/31/1969","4044930: Foremanfan","null"
"17973152","Rocky Marciano","Born","9/1/1923","1252049: MKil","null"
"17973153","Rocky Marciano","Died","8/31/1969","1252049: MKil","null"
"17973154","Rocky Marciano","Born","9/1/1923","4044930: Foremanfan","null"
"17973155","Rocky Marciano","Died","8/31/1969","4044930: Foremanfan","null"
"17973156","Rocky Marciano","Born","9/1/1923","4044930: Foremanfan","null"
"17973157","Rocky Marciano","Died","8/31/1969","4044930: Foremanfan","null"
"17973158","Rocky Marciano","Born","9/1/1923","4044930: Foremanfan","null"
"17973159","Rocky Marciano","Died","8/31/1969","4044930: Foremanfan","null"
"17973160","Rocky Marciano","Born","9/1/1923","2795686: JYMoore","null"
"17973161","Rocky Marciano","Died","8/31/1969","2795686: JYMoore","null"
"17973162","Rocky Marciano","Born","9/1/1923","4044930: Foremanfan","null"
"17973163","Rocky Marciano","Died","8/31/1969","4044930: Foremanfan","null"
"17973164","Rocky Marciano","Born","9/1/1923","0 (24.90.75.123)","null"
"17973165","Rocky Marciano","Died","8/31/1969","0 (24.90.75.123)","null"
"17973166","Rocky Marciano","Born","9/1/1923","1544938: Sean William","null"
"17973167","Rocky Marciano","Died","8/31/1969","1544938: Sean William","null"
"17973168","Rocky Marciano","Born","9/1/1923","1252049: MKil","null"
"17973169","Rocky Marciano","Died","8/31/1969","1252049: MKil","null"
"17973170","Rocky Marciano","Born","9/1/1923","4044930: Foremanfan","null"
"17973171","Rocky Marciano","Died","8/31/1969","4044930: Foremanfan","null"
"17973172","Rocky Marciano","Born","9/1/1923","1252049: MKil","null"
"17973173","Rocky Marciano","Died","8/31/1969","1252049: MKil","null"
"17973174","Rocky Marciano","Born","9/1/1923","0 (70.22.133.118)","null"
"17973175","Rocky Marciano","Died","8/31/1969","0 (70.22.133.118)","null"
"17973176","Rocky Marciano","Born","9/1/1923","0 (68.227.217.170)","null"
"17973177","Rocky Marciano","Died","8/31/1969","0 (68.227.217.170)","null"
"17973178","Rocky Marciano","Born","9/1/1923","0 (207.69.248.55)","null"
"17973179","Rocky Marciano","Died","8/31/1969","0 (207.69.248.55)","null"
"17973180","Rocky Marciano","Born","9/1/1923","4095071: Axel Rose 666","null"
"17973181","Rocky Marciano","Died","8/31/1969","4095071: Axel Rose 666","null"
"17973182","Rocky Marciano","Born","9/1/1923","1252049: MKil","null"
"17973183","Rocky Marciano","Died","8/31/1969","1252049: MKil","null"
"17973184","Rocky Marciano","Born","9/1/1923","4044930: Foremanfan","null"
"17973185","Rocky Marciano","Died","8/31/1969","4044930: Foremanfan","null"
"17973186","Rocky Marciano","Born","9/1/1923","4044930: Foremanfan","null"
"17973187","Rocky Marciano","Died","8/31/1969","4044930: Foremanfan","null"
"17973188","Rocky Marciano","Born","9/1/1923","4044930: Foremanfan","null"
"17973189","Rocky Marciano","Died","8/31/1969","4044930: Foremanfan","null"
"17973190","Rocky Marciano","Born","9/1/1923","1252049: MKil","null"
"17973191","Rocky Marciano","Died","8/31/1969","1252049: MKil","null"
"17973192","Rocky Marciano","Born","9/1/1923","1252049: MKil","null"
"17973193","Rocky Marciano","Died","8/31/1969","1252049: MKil","null"
"17973194","Rocky Marciano","Born","9/1/1923","4044930: Foremanfan","null"
"17973195","Rocky Marciano","Died","8/31/1969","4044930: Foremanfan","null"
"17973196","Rocky Marciano","Born","9/1/1923","1252049: MKil","null"
"17973197","Rocky Marciano","Died","8/31/1969","1252049: MKil","null"
"17973198","Rocky Marciano","Born","9/1/1923","4044930: Foremanfan","null"
"17973199","Rocky Marciano","Died","8/31/1969","4044930: Foremanfan","null"
"17973200","Rocky Marciano","Born","9/1/1923","0 (69.249.193.197)","null"
"17973201","Rocky Marciano","Died","8/31/1969","0 (69.249.193.197)","null"
"17973202","Rocky Marciano","Born","9/1/1923","0 (189.152.63.243)","null"
"17973203","Rocky Marciano","Died","8/31/1969","0 (189.152.63.243)","null"
"17973204","Rocky Marciano","Born","9/1/1923","0 (63.144.62.228)","null"
"17973205","Rocky Marciano","Died","8/31/1969","0 (63.144.62.228)","null"
"17973206","Rocky Marciano","Born","9/1/1923","1544938: Sean William","null"
"17973207","Rocky Marciano","Died","8/31/1969","1544938: Sean William","null"
"17973208","Rocky Marciano","Born","9/1/1923","727505: Matthew hk","null"
"17973209","Rocky Marciano","Died","8/31/1969","727505: Matthew hk","null"
"17973210","Rocky Marciano","Born","9/1/1923","0 (69.94.170.116)","null"
"17973211","Rocky Marciano","Died","8/31/1969","0 (69.94.170.116)","null"
"17973212","Rocky Marciano","Born","9/1/1923","0 (69.94.170.116)","null"
"17973213","Rocky Marciano","Died","8/31/1969","0 (69.94.170.116)","null"
"17973214","Rocky Marciano","Born","9/1/1923","1544938: Sean William","null"
"17973215","Rocky Marciano","Died","8/31/1969","1544938: Sean William","null"
"17973216","Rocky Marciano","Born","9/1/1923","0 (206.246.3.156)","null"
"17973217","Rocky Marciano","Died","8/31/1969","0 (206.246.3.156)","null"
"17973218","Rocky Marciano","Born","9/1/1923","0 (206.246.3.156)","null"
"17973219","Rocky Marciano","Died","8/31/1969","0 (206.246.3.156)","null"
"17973220","Rocky Marciano","Born","9/1/1923","0 (206.246.3.156)","null"
"17973221","Rocky Marciano","Died","8/31/1969","0 (206.246.3.156)","null"
"17973222","Rocky Marciano","Born","9/1/1923","0 (206.246.3.156)","null"
"17973223","Rocky Marciano","Died","8/31/1969","0 (206.246.3.156)","null"
"17973224","Rocky Marciano","Born","9/1/1923","0 (206.246.3.156)","null"
"17973225","Rocky Marciano","Died","8/31/1969","0 (206.246.3.156)","null"
"17973226","Rocky Marciano","Born","9/1/1923","0 (206.246.3.156)","null"
"17973227","Rocky Marciano","Died","8/31/1969","0 (206.246.3.156)","null"
"17973228","Rocky Marciano","Born","9/1/1923","0 (206.246.3.156)","null"
"17973229","Rocky Marciano","Died","8/31/1969","0 (206.246.3.156)","null"
"17973230","Rocky Marciano","Born","9/1/1923","0 (69.47.217.194)","null"
"17973231","Rocky Marciano","Died","8/31/1969","0 (69.47.217.194)","null"
"17973232","Rocky Marciano","Born","9/1/1923","667312: Check-Six","null"
"17973233","Rocky Marciano","Died","8/31/1969","667312: Check-Six","null"
"17973234","Rocky Marciano","Born","9/1/1923","0 (66.99.1.28)","null"
"17973235","Rocky Marciano","Died","8/31/1969","0 (66.99.1.28)","null"
"17973236","Rocky Marciano","Born","9/1/1923","0 (66.99.1.28)","null"
"17973237","Rocky Marciano","Died","8/31/1969","0 (66.99.1.28)","null"
"17973238","Rocky Marciano","Born","9/1/1923","1009748: License2Kill","null"
"17973239","Rocky Marciano","Died","8/31/1969","1009748: License2Kill","null"
"17973240","Rocky Marciano","Born","9/1/1923","0 (72.146.23.230)","null"
"17973241","Rocky Marciano","Died","8/31/1969","0 (72.146.23.230)","null"
"17973242","Rocky Marciano","Born","9/1/1923","0 (66.99.2.5)","null"
"17973243","Rocky Marciano","Died","8/31/1969","0 (66.99.2.5)","null"
"17973244","Rocky Marciano","Born","9/1/1923","1252049: MKil","null"
"17973245","Rocky Marciano","Died","8/31/1969","1252049: MKil","null"
"17973246","Rocky Marciano","Born","9/1/1923","0 (86.20.228.184)","null"
"17973247","Rocky Marciano","Died","8/31/1969","0 (86.20.228.184)","null"
"17973248","Rocky Marciano","Born","9/1/1923","0 (86.20.228.184)","null"
"17973249","Rocky Marciano","Died","8/31/1969","0 (86.20.228.184)","null"
"17973250","Rocky Marciano","Born","9/1/1923","0 (66.99.0.239)","null"
"17973251","Rocky Marciano","Died","8/31/1969","0 (66.99.0.239)","null"
"17973252","Rocky Marciano","Born","9/1/1923","1252049: MKil","null"
"17973253","Rocky Marciano","Died","8/31/1969","1252049: MKil","null"
"17973254","Rocky Marciano","Born","9/1/1923","0 (71.205.66.210)","null"
"17973255","Rocky Marciano","Died","8/31/1969","0 (71.205.66.210)","null"
"17973256","Rocky Marciano","Born","9/1/1923","1252049: MKil","null"
"17973257","Rocky Marciano","Died","8/31/1969","1252049: MKil","null"
"17973258","Rocky Marciano","Born","9/1/1923","399224: Archer7","null"
"17973259","Rocky Marciano","Died","8/31/1969","399224: Archer7","null"
"17973260","Rocky Marciano","Born","9/1/1923","0 (64.14.248.62)","null"
"17973261","Rocky Marciano","Died","8/31/1969","0 (64.14.248.62)","null"
"17973262","Rocky Marciano","Born","9/1/1923","0 (64.14.248.62)","null"
"17973263","Rocky Marciano","Died","8/31/1969","0 (64.14.248.62)","null"
"17973264","Rocky Marciano","Born","9/1/1923","0 (64.14.248.62)","null"
"17973265","Rocky Marciano","Died","8/31/1969","0 (64.14.248.62)","null"
"17973266","Rocky Marciano","Born","9/1/1923","0 (64.14.248.62)","null"
"17973267","Rocky Marciano","Died","8/31/1969","0 (64.14.248.62)","null"
"17973268","Rocky Marciano","Born","9/1/1923","0 (84.70.149.128)","null"
"17973269","Rocky Marciano","Died","8/31/1969","0 (84.70.149.128)","null"
"17973270","Rocky Marciano","Born","9/1/1923","2198658: MartinBot","null"
"17973271","Rocky Marciano","Died","8/31/1969","2198658: MartinBot","null"
"17973272","Rocky Marciano","Born","9/1/1923","0 (68.195.120.53)","null"
"17973273","Rocky Marciano","Died","8/31/1969","0 (68.195.120.53)","null"
"17973274","Rocky Marciano","Born","9/1/1923","0 (66.99.0.58)","null"
"17973275","Rocky Marciano","Died","8/31/1969","0 (66.99.0.58)","null"
"17973276","Rocky Marciano","Born","9/1/1923","0 (64.107.3.14)","null"
"17973277","Rocky Marciano","Died","8/31/1969","0 (64.107.3.14)","null"
"17973278","Rocky Marciano","Born","9/1/1923","1252049: MKil","null"
"17973279","Rocky Marciano","Died","8/31/1969","1252049: MKil","null"
"17973280","Rocky Marciano","Born","9/1/1923","4326049: IROUE","null"
"17973281","Rocky Marciano","Died","8/31/1969","4326049: IROUE","null"
"17973282","Rocky Marciano","Born","9/1/1923","4326049: IROUE","null"
"17973283","Rocky Marciano","Died","8/31/1969","4326049: IROUE","null"
"17973284","Rocky Marciano","Born","9/1/1923","0 (64.107.2.158)","null"
"17973285","Rocky Marciano","Died","8/31/1969","0 (64.107.2.158)","null"
"17973286","Rocky Marciano","Born","9/1/1923","1252049: MKil","null"
"17973287","Rocky Marciano","Died","8/31/1969","1252049: MKil","null"
"17973288","Rocky Marciano","Born","9/1/1923","0 (141.151.59.246)","null"
"17973289","Rocky Marciano","Died","8/31/1969","0 (141.151.59.246)","null"
"17973290","Rocky Marciano","Born","9/1/1923","1252049: MKil","null"
"17973291","Rocky Marciano","Died","8/31/1969","1252049: MKil","null"
"17973292","Rocky Marciano","Born","9/1/1923","2459240: Pavelegorov","null"
"17973293","Rocky Marciano","Died","8/31/1969","2459240: Pavelegorov","null"
"17973294","Rocky Marciano","Born","9/1/1923","0 (64.72.180.48)","null"
"17973295","Rocky Marciano","Died","8/31/1969","0 (64.72.180.48)","null"
"17973296","Rocky Marciano","Born","9/1/1923","2198658: MartinBot","null"
"17973297","Rocky Marciano","Died","8/31/1969","2198658: MartinBot","null"
"17973298","Rocky Marciano","Born","9/1/1923","0 (64.72.180.48)","null"
"17973299","Rocky Marciano","Died","8/31/1969","0 (64.72.180.48)","null"
"17973300","Rocky Marciano","Born","9/1/1923","0 (168.99.185.180)","null"
"17973301","Rocky Marciano","Died","8/31/1969","0 (168.99.185.180)","null"
"17973302","Rocky Marciano","Born","9/1/1923","0 (75.64.229.117)","null"
"17973303","Rocky Marciano","Died","8/31/1969","0 (75.64.229.117)","null"
"17973304","Rocky Marciano","Born","9/1/1923","0 (75.64.229.117)","null"
"17973305","Rocky Marciano","Died","8/31/1969","0 (75.64.229.117)","null"
"17973306","Rocky Marciano","Born","9/1/1923","0 (75.64.229.117)","null"
"17973307","Rocky Marciano","Died","8/31/1969","0 (75.64.229.117)","null"
"17973308","Rocky Marciano","Born","9/1/1923","0 (210.213.145.15)","null"
"17973309","Rocky Marciano","Born","9/1/1923","0 (210.213.145.15)","null"
"18988998","Mouhamdou Lamine BA","HireDate","2/10/2015","0 (10.10.2.3)","null"
